id;name;image;image_content_type
1;mobile Fish;../data/blob/hipster.png;image/png
2;Home Loan Account Table Computer;../data/blob/hipster.png;image/png
3;Trace;../data/blob/hipster.png;image/png
4;Savings Account alarm;../data/blob/hipster.png;image/png
5;Tasty Metal Bacon;../data/blob/hipster.png;image/png
6;red Chips Soap;../data/blob/hipster.png;image/png
7;Home Loan Account;../data/blob/hipster.png;image/png
8;web-readiness;../data/blob/hipster.png;image/png
9;Namibia;../data/blob/hipster.png;image/png
10;Steel zero administration;../data/blob/hipster.png;image/png
